nome_arquivo;tamanho_bytes;rtt_total_segundos;tempo_execucao_segundos;overhead_segundos;status
arquivo_001.txt;5242880;14,5552;0,760708;13,79449;Sucesso
arquivo_002.txt;5242880;2,02501;0,800964;1,22405;Sucesso
arquivo_003.txt;5242880;1,52259;0,770898;0,7517;Sucesso
arquivo_004.txt;5242880;2,03606;0,673749;1,36231;Sucesso
arquivo_005.txt;5242880;4,60307;0,768485;3,83458;Sucesso
arquivo_006.txt;5242880;5,60654;0,677382;4,92916;Sucesso
arquivo_007.txt;5242880;4,57952;0,67837;3,90115;Sucesso
arquivo_008.txt;5242880;2,03434;0,677089;1,35725;Sucesso
arquivo_009.txt;5242880;5,08939;0,678975;4,41041;Sucesso
arquivo_010.txt;5242880;5,0971;0,764462;4,33263;Sucesso
arquivo_011.txt;5242880;5,07777;0,69209;4,38568;Sucesso
arquivo_012.txt;5242880;1,52282;0,826782;0,69604;Sucesso
arquivo_013.txt;5242880;4,59335;0,820378;3,77298;Sucesso
arquivo_014.txt;5242880;5,12642;0,777857;4,34857;Sucesso
arquivo_015.txt;5242880;5,09287;0,7695;4,32337;Sucesso
arquivo_016.txt;5242880;2,55428;0,765206;1,78908;Sucesso
arquivo_017.txt;5242880;4,58704;0,813184;3,77386;Sucesso
arquivo_018.txt;5242880;4,61305;0,667407;3,94564;Sucesso
arquivo_019.txt;5242880;5,64066;0,690526;4,95014;Sucesso
arquivo_020.txt;5242880;1,53399;0,677938;0,85605;Sucesso
arquivo_021.txt;5242880;4,60187;0,671126;3,93075;Sucesso
arquivo_022.txt;5242880;4,60262;0,711992;3,89063;Sucesso
arquivo_023.txt;5242880;5,11342;0,764982;4,34843;Sucesso
arquivo_024.txt;5242880;4,09487;0,750147;3,34473;Sucesso
arquivo_025.txt;5242880;5,11879;0,671027;4,44777;Sucesso
arquivo_026.txt;5242880;5,61081;0,760974;4,84984;Sucesso
arquivo_027.txt;5242880;1,51356;0,696137;0,81742;Sucesso
arquivo_028.txt;5242880;5,1043;0,783065;4,32124;Sucesso
arquivo_029.txt;5242880;4,59623;0,753022;3,8432;Sucesso
arquivo_030.txt;5242880;5,60824;0,760515;4,84772;Sucesso
arquivo_031.txt;5242880;1,52624;0,690228;0,83601;Sucesso
arquivo_032.txt;5242880;4,6142;0,703394;3,9108;Sucesso
arquivo_033.txt;5242880;4,61667;0,699774;3,91689;Sucesso
arquivo_034.txt;5242880;5,11721;0,700728;4,41648;Sucesso
arquivo_035.txt;5242880;6,64721;0,864787;5,78242;Sucesso
arquivo_036.txt;5242880;1,51971;0,777035;0,74267;Sucesso
arquivo_037.txt;5242880;4,61409;0,908396;3,70569;Sucesso
arquivo_038.txt;5242880;5,59658;0,766932;4,82965;Sucesso
arquivo_039.txt;5242880;5,62913;0,698703;4,93043;Sucesso
arquivo_040.txt;5242880;2,05418;0,671627;1,38255;Sucesso
arquivo_041.txt;5242880;4,07141;0,679391;3,39202;Sucesso
arquivo_042.txt;5242880;5,08974;0,78808;4,30166;Sucesso
arquivo_043.txt;5242880;4,59351;0,764544;3,82896;Sucesso
arquivo_044.txt;5242880;5,11979;0,756827;4,36296;Sucesso
arquivo_045.txt;5242880;1,52369;0,67386;0,84983;Sucesso
arquivo_046.txt;5242880;5,59289;0,718646;4,87425;Sucesso
arquivo_047.txt;5242880;4,10165;0,708471;3,39318;Sucesso
arquivo_048.txt;5242880;4,57527;0,686757;3,88852;Sucesso
arquivo_049.txt;5242880;4,08638;0,77456;3,31182;Sucesso
arquivo_050.txt;5242880;4,58088;0,773279;3,8076;Sucesso
arquivo_051.txt;5242880;5,09598;0,775098;4,32089;Sucesso
arquivo_052.txt;5242880;5,09605;0,695325;4,40072;Sucesso
arquivo_053.txt;5242880;4,60099;0,675078;3,92591;Sucesso
arquivo_054.txt;5242880;1,51581;0,736938;0,77888;Sucesso
arquivo_055.txt;5242880;4,60748;0,796869;3,81061;Sucesso
arquivo_056.txt;5242880;5,59917;0,758299;4,84087;Sucesso
arquivo_057.txt;5242880;5,11581;0,673722;4,44209;Sucesso
arquivo_058.txt;5242880;1,53615;0,758979;0,77717;Sucesso
arquivo_059.txt;5242880;5,59912;0,689566;4,90955;Sucesso
arquivo_060.txt;5242880;5,11278;0,944356;4,16842;Sucesso
arquivo_061.txt;5242880;5,1133;0,676734;4,43656;Sucesso
arquivo_062.txt;5242880;1,54235;0,759318;0,78303;Sucesso
arquivo_063.txt;5242880;5,11073;0,72209;4,38864;Sucesso
arquivo_064.txt;5242880;5,60017;1,070551;4,52962;Sucesso
arquivo_065.txt;5242880;5,11205;0,677464;4,43458;Sucesso
arquivo_066.txt;5242880;1,53112;0,812685;0,71843;Sucesso
arquivo_067.txt;5242880;4,07689;0,765397;3,3115;Sucesso
arquivo_068.txt;5242880;5,10605;0,752734;4,35331;Sucesso
arquivo_069.txt;5242880;5,1;0,680956;4,41905;Sucesso
arquivo_070.txt;5242880;5,09943;0,772822;4,32661;Sucesso
arquivo_071.txt;5242880;2,03333;0,680072;1,35326;Sucesso
arquivo_072.txt;5242880;4,60208;1,016379;3,5857;Sucesso
arquivo_073.txt;5242880;4,09111;0,679442;3,41167;Sucesso
arquivo_074.txt;5242880;5,09894;0,77203;4,32691;Sucesso
arquivo_075.txt;5242880;5,62285;0,768904;4,85394;Sucesso
arquivo_076.txt;5242880;1,53708;0,771087;0,76599;Sucesso
arquivo_077.txt;5242880;5,63415;0,682247;4,95191;Sucesso
arquivo_078.txt;5242880;4,08292;0,762064;3,32086;Sucesso
arquivo_079.txt;5242880;5,08887;0,81334;4,27553;Sucesso
arquivo_080.txt;5242880;1,53904;0,691156;0,84789;Sucesso
arquivo_081.txt;5242880;4,60433;0,67517;3,92916;Sucesso
arquivo_082.txt;5242880;5,10933;0,766844;4,34249;Sucesso
arquivo_083.txt;5242880;5,11962;0,696149;4,42347;Sucesso
arquivo_084.txt;5242880;2,01866;0,778955;1,23971;Sucesso
arquivo_085.txt;5242880;5,09071;0,778571;4,31214;Sucesso
arquivo_086.txt;5242880;4,10215;0,66461;3,43754;Sucesso
arquivo_087.txt;5242880;4,59655;0,673822;3,92272;Sucesso
arquivo_088.txt;5242880;4,60879;0,683008;3,92578;Sucesso
arquivo_089.txt;5242880;4,60408;0,697565;3,90652;Sucesso
arquivo_090.txt;5242880;5,62466;0,986703;4,63796;Sucesso
arquivo_091.txt;5242880;1,53316;0,985527;0,54763;Sucesso
arquivo_092.txt;5242880;5,1192;0,876049;4,24315;Sucesso
arquivo_093.txt;5242880;5,62311;1,294587;4,32852;Sucesso
arquivo_094.txt;5242880;4,08765;0,916687;3,17096;Sucesso
arquivo_095.txt;5242880;2,03213;0,917449;1,11468;Sucesso
arquivo_096.txt;5242880;4,5986;0,895942;3,70266;Sucesso
arquivo_097.txt;5242880;5,13068;0,957465;4,17322;Sucesso
arquivo_098.txt;5242880;5,09137;0,879943;4,21143;Sucesso
arquivo_099.txt;5242880;2,03347;0,970783;1,06269;Sucesso
arquivo_100.txt;5242880;5,08082;0,971394;4,10943;Sucesso
