pasta_origem;nome_arquivo;tamanho_bytes;rtt_total_segundos;tempo_execucao_segundos;overhead_segundos;status
./arquivos/100KB;arquivo_001.txt;102400;5.57878;0.0;5.57878;Sucesso
./arquivos/100KB;arquivo_002.txt;102400;2.03337;1e-06;2.03337;Sucesso
./arquivos/100KB;arquivo_003.txt;102400;5.08574;0.0;5.08574;Sucesso
./arquivos/100KB;arquivo_004.txt;102400;5.10983;0.0;5.10983;Sucesso
./arquivos/100KB;arquivo_005.txt;102400;4.05837;0.0;4.05837;Sucesso
./arquivos/100KB;arquivo_006.txt;102400;4.61455;0.0;4.61455;Sucesso
./arquivos/100KB;arquivo_007.txt;102400;5.61722;0.0;5.61721;Sucesso
./arquivos/100KB;arquivo_008.txt;102400;1.52845;0.0;1.52845;Sucesso
./arquivos/100KB;arquivo_009.txt;102400;5.10549;0.0;5.10549;Sucesso
./arquivos/100KB;arquivo_010.txt;102400;5.11748;0.0;5.11748;Sucesso
./arquivos/100KB;arquivo_011.txt;102400;5.124;0.0;5.124;Sucesso
./arquivos/100KB;arquivo_012.txt;102400;1.53566;1e-06;1.53566;Sucesso
./arquivos/100KB;arquivo_013.txt;102400;4.56649;0.0;4.56649;Sucesso
./arquivos/100KB;arquivo_014.txt;102400;5.12127;1e-06;5.12127;Sucesso
./arquivos/100KB;arquivo_015.txt;102400;5.61296;0.0;5.61296;Sucesso
./arquivos/100KB;arquivo_016.txt;102400;2.05357;0.0;2.05357;Sucesso
./arquivos/100KB;arquivo_017.txt;102400;4.10899;0.0;4.10899;Sucesso
./arquivos/100KB;arquivo_018.txt;102400;5.1124;0.0;5.1124;Sucesso
./arquivos/100KB;arquivo_019.txt;102400;5.10215;1e-06;5.10215;Sucesso
./arquivos/100KB;arquivo_020.txt;102400;5.10477;0.0;5.10477;Sucesso
./arquivos/100KB;arquivo_021.txt;102400;1.52358;0.0;1.52358;Sucesso
./arquivos/100KB;arquivo_022.txt;102400;4.09294;0.0;4.09294;Sucesso
./arquivos/100KB;arquivo_023.txt;102400;10.74468;0.0;10.74468;Sucesso
./arquivos/100KB;arquivo_024.txt;102400;1.52187;0.0;1.52187;Sucesso
./arquivos/100KB;arquivo_025.txt;102400;2.03441;0.0;2.03441;Sucesso
./arquivos/100KB;arquivo_026.txt;102400;5.09254;1e-06;5.09254;Sucesso
./arquivos/100KB;arquivo_027.txt;102400;4.6148;0.0;4.6148;Sucesso
./arquivos/100KB;arquivo_028.txt;102400;4.02866;0.0;4.02866;Sucesso
./arquivos/100KB;arquivo_029.txt;102400;4.08075;0.0;4.08075;Sucesso
./arquivos/100KB;arquivo_030.txt;102400;5.60959;0.0;5.60959;Sucesso
./arquivos/100KB;arquivo_031.txt;102400;5.59939;0.0;5.59939;Sucesso
./arquivos/100KB;arquivo_032.txt;102400;1.51859;0.0;1.51859;Sucesso
./arquivos/100KB;arquivo_033.txt;102400;4.61548;0.0;4.61548;Sucesso
./arquivos/100KB;arquivo_034.txt;102400;5.10631;0.0;5.10631;Sucesso
./arquivos/100KB;arquivo_035.txt;102400;4.60635;0.0;4.60635;Sucesso
./arquivos/100KB;arquivo_036.txt;102400;5.11402;0.0;5.11402;Sucesso
./arquivos/100KB;arquivo_037.txt;102400;1.53844;1e-06;1.53844;Sucesso
./arquivos/100KB;arquivo_038.txt;102400;5.6339;0.0;5.6339;Sucesso
./arquivos/100KB;arquivo_039.txt;102400;5.64119;0.0;5.64119;Sucesso
./arquivos/100KB;arquivo_040.txt;102400;5.11899;0.0;5.11899;Sucesso
./arquivos/100KB;arquivo_041.txt;102400;1.53567;0.0;1.53567;Sucesso
./arquivos/100KB;arquivo_042.txt;102400;5.59031;0.0;5.59031;Sucesso
./arquivos/100KB;arquivo_043.txt;102400;4.58787;0.0;4.58786;Sucesso
./arquivos/100KB;arquivo_044.txt;102400;5.10325;0.0;5.10325;Sucesso
./arquivos/100KB;arquivo_045.txt;102400;2.04092;0.0;2.04092;Sucesso
./arquivos/100KB;arquivo_046.txt;102400;5.11569;0.0;5.11569;Sucesso
./arquivos/100KB;arquivo_047.txt;102400;4.57364;0.0;4.57364;Sucesso
./arquivos/100KB;arquivo_048.txt;102400;4.60543;1e-06;4.60543;Sucesso
./arquivos/100KB;arquivo_049.txt;102400;4.57715;0.0;4.57715;Sucesso
./arquivos/100KB;arquivo_050.txt;102400;4.61597;0.0;4.61596;Sucesso
./arquivos/100KB;arquivo_051.txt;102400;5.10214;0.0;5.10214;Sucesso
./arquivos/100KB;arquivo_052.txt;102400;11.27934;0.0;11.27934;Sucesso
./arquivos/100KB;arquivo_053.txt;102400;2.54726;0.0;2.54726;Sucesso
./arquivos/100KB;arquivo_054.txt;102400;2.03272;0.0;2.03272;Sucesso
./arquivos/100KB;arquivo_055.txt;102400;1.51662;0.0;1.51661;Sucesso
./arquivos/100KB;arquivo_056.txt;102400;5.08858;1e-06;5.08858;Sucesso
./arquivos/100KB;arquivo_057.txt;102400;4.08216;1e-06;4.08216;Sucesso
./arquivos/100KB;arquivo_058.txt;102400;4.60559;0.0;4.60559;Sucesso
./arquivos/100KB;arquivo_059.txt;102400;5.11235;0.0;5.11234;Sucesso
./arquivos/100KB;arquivo_060.txt;102400;5.06847;0.0;5.06847;Sucesso
./arquivos/100KB;arquivo_061.txt;102400;5.09366;0.0;5.09366;Sucesso
./arquivos/100KB;arquivo_062.txt;102400;2.03282;1e-06;2.03282;Sucesso
./arquivos/100KB;arquivo_063.txt;102400;5.10723;1e-06;5.10723;Sucesso
./arquivos/100KB;arquivo_064.txt;102400;4.59802;0.0;4.59802;Sucesso
./arquivos/100KB;arquivo_065.txt;102400;5.12891;0.0;5.12891;Sucesso
./arquivos/100KB;arquivo_066.txt;102400;1.51808;0.0;1.51808;Sucesso
./arquivos/100KB;arquivo_067.txt;102400;5.61545;0.0;5.61545;Sucesso
./arquivos/100KB;arquivo_068.txt;102400;5.10986;0.0;5.10986;Sucesso
./arquivos/100KB;arquivo_069.txt;102400;4.59622;0.0;4.59622;Sucesso
./arquivos/100KB;arquivo_070.txt;102400;1.53167;0.0;1.53167;Sucesso
./arquivos/100KB;arquivo_071.txt;102400;4.58792;0.0;4.58792;Sucesso
./arquivos/100KB;arquivo_072.txt;102400;5.11822;1e-06;5.11821;Sucesso
./arquivos/100KB;arquivo_073.txt;102400;4.59388;0.0;4.59388;Sucesso
./arquivos/100KB;arquivo_074.txt;102400;4.58025;1e-06;4.58025;Sucesso
./arquivos/100KB;arquivo_075.txt;102400;4.60994;0.0;4.60994;Sucesso
./arquivos/100KB;arquivo_076.txt;102400;4.59877;0.0;4.59877;Sucesso
./arquivos/100KB;arquivo_077.txt;102400;5.08698;0.0;5.08698;Sucesso
./arquivos/100KB;arquivo_078.txt;102400;4.61578;0.0;4.61578;Sucesso
./arquivos/100KB;arquivo_079.txt;102400;6.10065;1e-06;6.10065;Sucesso
./arquivos/100KB;arquivo_080.txt;102400;2.05015;0.0;2.05015;Sucesso
./arquivos/100KB;arquivo_081.txt;102400;4.59072;0.0;4.59072;Sucesso
./arquivos/100KB;arquivo_082.txt;102400;8.68554;0.0;8.68554;Sucesso
./arquivos/100KB;arquivo_083.txt;102400;1.52426;0.0;1.52426;Sucesso
./arquivos/100KB;arquivo_084.txt;102400;1.53567;0.0;1.53567;Sucesso
./arquivos/100KB;arquivo_085.txt;102400;5.60191;0.0;5.60191;Sucesso
./arquivos/100KB;arquivo_086.txt;102400;5.11602;1e-06;5.11601;Sucesso
./arquivos/100KB;arquivo_087.txt;102400;4.59037;0.0;4.59037;Sucesso
./arquivos/100KB;arquivo_088.txt;102400;1.5251;1e-06;1.5251;Sucesso
./arquivos/100KB;arquivo_089.txt;102400;5.11256;0.0;5.11256;Sucesso
./arquivos/100KB;arquivo_090.txt;102400;5.11237;0.0;5.11237;Sucesso
./arquivos/100KB;arquivo_091.txt;102400;5.61696;1e-06;5.61696;Sucesso
./arquivos/100KB;arquivo_092.txt;102400;2.02446;0.0;2.02446;Sucesso
./arquivos/100KB;arquivo_093.txt;102400;5.10943;0.0;5.10943;Sucesso
./arquivos/100KB;arquivo_094.txt;102400;4.60292;0.0;4.60292;Sucesso
./arquivos/100KB;arquivo_095.txt;102400;5.62493;0.0;5.62493;Sucesso
./arquivos/100KB;arquivo_096.txt;102400;1.51982;0.0;1.51982;Sucesso
./arquivos/100KB;arquivo_097.txt;102400;4.60038;0.0;4.60038;Sucesso
./arquivos/100KB;arquivo_098.txt;102400;5.11233;1e-06;5.11233;Sucesso
./arquivos/100KB;arquivo_099.txt;102400;4.59751;0.0;4.59751;Sucesso
./arquivos/100KB;arquivo_100.txt;102400;5.10398;0.0;5.10398;Sucesso
