bateria;cenario;id_tarefa;tamanho_bytes;rtt_total_segundos;tempo_worker_segundos;overhead_rede_nuvem_segundos;status
bateria_4;out_of_band_disco;b4-out_of_band_disco-url01-r001;10240;11.266479;0.215597;11.050881;Sucesso
bateria_4;out_of_band_disco;b4-out_of_band_disco-url01-r002;10240;1.003359;0.030708;0.972651;Sucesso
bateria_4;out_of_band_disco;b4-out_of_band_disco-url01-r003;10240;1.523052;0.031273;1.491779;Sucesso
bateria_4;out_of_band_disco;b4-out_of_band_disco-url01-r004;10240;1.012406;0.031958;0.980448;Sucesso
bateria_4;out_of_band_disco;b4-out_of_band_disco-url01-r005;10240;5.09796;0.03052;5.06744;Sucesso
bateria_4;out_of_band_disco;b4-out_of_band_disco-url01-r006;10240;5.071526;0.031902;5.039623;Sucesso
bateria_4;out_of_band_disco;b4-out_of_band_disco-url01-r007;10240;4.574071;0.031099;4.542972;Sucesso
bateria_4;out_of_band_disco;b4-out_of_band_disco-url01-r008;10240;5.592213;0.032861;5.559352;Sucesso
bateria_4;out_of_band_disco;b4-out_of_band_disco-url01-r009;10240;4.047721;0.031019;4.016702;Sucesso
bateria_4;out_of_band_disco;b4-out_of_band_disco-url01-r010;10240;5.092941;0.030296;5.062645;Sucesso
bateria_4;out_of_band_disco;b4-out_of_band_disco-url01-r011;10240;4.577983;0.030823;4.54716;Sucesso
bateria_4;out_of_band_disco;b4-out_of_band_disco-url01-r012;10240;5.080969;0.030415;5.050555;Sucesso
bateria_4;out_of_band_disco;b4-out_of_band_disco-url01-r013;10240;4.585572;0.031227;4.554345;Sucesso
bateria_4;out_of_band_disco;b4-out_of_band_disco-url01-r014;10240;4.571872;0.030335;4.541537;Sucesso
bateria_4;out_of_band_disco;b4-out_of_band_disco-url01-r015;10240;5.585871;0.030879;5.554993;Sucesso
bateria_4;out_of_band_disco;b4-out_of_band_disco-url01-r016;10240;4.573751;0.030866;4.542885;Sucesso
bateria_4;out_of_band_disco;b4-out_of_band_disco-url01-r017;10240;4.580904;0.031669;4.549235;Sucesso
bateria_4;out_of_band_disco;b4-out_of_band_disco-url01-r018;10240;4.585126;0.032032;4.553094;Sucesso
bateria_4;out_of_band_disco;b4-out_of_band_disco-url01-r019;10240;5.070295;0.03115;5.039145;Sucesso
bateria_4;out_of_band_disco;b4-out_of_band_disco-url01-r020;10240;4.576771;0.031141;4.54563;Sucesso
bateria_4;out_of_band_disco;b4-out_of_band_disco-url01-r021;10240;5.076629;0.031552;5.045077;Sucesso
bateria_4;out_of_band_disco;b4-out_of_band_disco-url01-r022;10240;4.571909;0.031369;4.54054;Sucesso
bateria_4;out_of_band_disco;b4-out_of_band_disco-url01-r023;10240;4.049367;0.02948;4.019887;Sucesso
bateria_4;out_of_band_disco;b4-out_of_band_disco-url01-r024;10240;4.572491;0.03077;4.541721;Sucesso
bateria_4;out_of_band_disco;b4-out_of_band_disco-url01-r025;10240;5.073744;0.031186;5.042558;Sucesso
bateria_4;out_of_band_disco;b4-out_of_band_disco-url01-r026;10240;5.079234;0.031298;5.047936;Sucesso
bateria_4;out_of_band_disco;b4-out_of_band_disco-url01-r027;10240;4.552066;0.030548;4.521518;Sucesso
bateria_4;out_of_band_disco;b4-out_of_band_disco-url01-r028;10240;5.608763;0.032029;5.576734;Sucesso
bateria_4;out_of_band_disco;b4-out_of_band_disco-url01-r029;10240;5.072158;0.030378;5.041781;Sucesso
bateria_4;out_of_band_disco;b4-out_of_band_disco-url01-r030;10240;1.024987;0.030445;0.994543;Sucesso
bateria_4;out_of_band_disco;b4-out_of_band_disco-url01-r031;10240;4.583493;0.030953;4.552539;Sucesso
bateria_4;out_of_band_disco;b4-out_of_band_disco-url01-r032;10240;4.561718;0.029468;4.53225;Sucesso
bateria_4;out_of_band_disco;b4-out_of_band_disco-url01-r033;10240;5.084134;0.031371;5.052763;Sucesso
bateria_4;out_of_band_disco;b4-out_of_band_disco-url01-r034;10240;10.162525;0.041121;10.121404;Sucesso
bateria_4;out_of_band_disco;b4-out_of_band_disco-url01-r035;10240;1.5247;0.031049;1.493651;Sucesso
bateria_4;out_of_band_disco;b4-out_of_band_disco-url01-r036;10240;1.012108;0.03119;0.980919;Sucesso
bateria_4;out_of_band_disco;b4-out_of_band_disco-url01-r037;10240;5.088061;0.028791;5.059269;Sucesso
bateria_4;out_of_band_disco;b4-out_of_band_disco-url01-r038;10240;5.585825;0.030646;5.555178;Sucesso
bateria_4;out_of_band_disco;b4-out_of_band_disco-url01-r039;10240;4.584382;0.028701;4.555681;Sucesso
bateria_4;out_of_band_disco;b4-out_of_band_disco-url01-r040;10240;5.072949;0.031628;5.04132;Sucesso
bateria_4;out_of_band_disco;b4-out_of_band_disco-url01-r041;10240;4.065687;0.030033;4.035654;Sucesso
bateria_4;out_of_band_disco;b4-out_of_band_disco-url01-r042;10240;5.603874;0.030793;5.573081;Sucesso
bateria_4;out_of_band_disco;b4-out_of_band_disco-url01-r043;10240;5.584489;0.031889;5.5526;Sucesso
bateria_4;out_of_band_disco;b4-out_of_band_disco-url01-r044;10240;5.059572;0.030622;5.02895;Sucesso
bateria_4;out_of_band_disco;b4-out_of_band_disco-url01-r045;10240;1.016774;0.030775;0.985999;Sucesso
bateria_4;out_of_band_disco;b4-out_of_band_disco-url01-r046;10240;5.069046;0.031216;5.03783;Sucesso
bateria_4;out_of_band_disco;b4-out_of_band_disco-url01-r047;10240;6.107199;0.030029;6.07717;Sucesso
bateria_4;out_of_band_disco;b4-out_of_band_disco-url01-r048;10240;4.562019;0.030082;4.531937;Sucesso
bateria_4;out_of_band_disco;b4-out_of_band_disco-url01-r049;10240;1.020521;0.030079;0.990441;Sucesso
bateria_4;out_of_band_disco;b4-out_of_band_disco-url01-r050;10240;4.573523;0.029842;4.543681;Sucesso
bateria_4;out_of_band_disco;b4-out_of_band_disco-url02-r001;102400;5.601627;0.201691;5.399935;Sucesso
bateria_4;out_of_band_disco;b4-out_of_band_disco-url02-r002;102400;4.059447;0.051273;4.008174;Sucesso
bateria_4;out_of_band_disco;b4-out_of_band_disco-url02-r003;102400;4.592789;0.052626;4.540164;Sucesso
bateria_4;out_of_band_disco;b4-out_of_band_disco-url02-r004;102400;4.055911;0.053405;4.002506;Sucesso
bateria_4;out_of_band_disco;b4-out_of_band_disco-url02-r005;102400;5.081314;0.060157;5.021157;Sucesso
bateria_4;out_of_band_disco;b4-out_of_band_disco-url02-r006;102400;5.604987;0.051249;5.553737;Sucesso
bateria_4;out_of_band_disco;b4-out_of_band_disco-url02-r007;102400;4.565564;0.074143;4.491421;Sucesso
bateria_4;out_of_band_disco;b4-out_of_band_disco-url02-r008;102400;5.07035;0.051892;5.018458;Sucesso
bateria_4;out_of_band_disco;b4-out_of_band_disco-url02-r009;102400;4.569364;0.064618;4.504745;Sucesso
bateria_4;out_of_band_disco;b4-out_of_band_disco-url02-r010;102400;5.08701;0.049628;5.037381;Sucesso
bateria_4;out_of_band_disco;b4-out_of_band_disco-url02-r011;102400;4.573754;0.06111;4.512644;Sucesso
bateria_4;out_of_band_disco;b4-out_of_band_disco-url02-r012;102400;5.090147;0.050243;5.039904;Sucesso
bateria_4;out_of_band_disco;b4-out_of_band_disco-url02-r013;102400;5.08444;0.059869;5.024571;Sucesso
bateria_4;out_of_band_disco;b4-out_of_band_disco-url02-r014;102400;5.079987;0.058705;5.021281;Sucesso
bateria_4;out_of_band_disco;b4-out_of_band_disco-url02-r015;102400;5.592467;0.059627;5.532841;Sucesso
bateria_4;out_of_band_disco;b4-out_of_band_disco-url02-r016;102400;1.517645;0.051298;1.466346;Sucesso
bateria_4;out_of_band_disco;b4-out_of_band_disco-url02-r017;102400;5.091421;0.052153;5.039268;Sucesso
bateria_4;out_of_band_disco;b4-out_of_band_disco-url02-r018;102400;4.588789;0.327931;4.260858;Sucesso
bateria_4;out_of_band_disco;b4-out_of_band_disco-url02-r019;102400;5.074719;0.050376;5.024343;Sucesso
bateria_4;out_of_band_disco;b4-out_of_band_disco-url02-r020;102400;4.578817;0.051227;4.52759;Sucesso
bateria_4;out_of_band_disco;b4-out_of_band_disco-url02-r021;102400;5.082187;0.051571;5.030616;Sucesso
bateria_4;out_of_band_disco;b4-out_of_band_disco-url02-r022;102400;5.600873;0.059931;5.540942;Sucesso
bateria_4;out_of_band_disco;b4-out_of_band_disco-url02-r023;102400;4.561478;0.050985;4.510493;Sucesso
bateria_4;out_of_band_disco;b4-out_of_band_disco-url02-r024;102400;1.012398;0.050044;0.962354;Sucesso
bateria_4;out_of_band_disco;b4-out_of_band_disco-url02-r025;102400;5.099833;0.052303;5.047529;Sucesso
bateria_4;out_of_band_disco;b4-out_of_band_disco-url02-r026;102400;5.082869;0.050126;5.032744;Sucesso
bateria_4;out_of_band_disco;b4-out_of_band_disco-url02-r027;102400;5.062865;0.050796;5.012069;Sucesso
bateria_4;out_of_band_disco;b4-out_of_band_disco-url02-r028;102400;1.01804;0.050356;0.967684;Sucesso
bateria_4;out_of_band_disco;b4-out_of_band_disco-url02-r029;102400;5.077892;0.051326;5.026566;Sucesso
bateria_4;out_of_band_disco;b4-out_of_band_disco-url02-r030;102400;6.087357;0.050017;6.03734;Sucesso
bateria_4;out_of_band_disco;b4-out_of_band_disco-url02-r031;102400;4.571654;0.062043;4.509611;Sucesso
bateria_4;out_of_band_disco;b4-out_of_band_disco-url02-r032;102400;1.010637;0.059682;0.950955;Sucesso
bateria_4;out_of_band_disco;b4-out_of_band_disco-url02-r033;102400;5.074375;0.050973;5.023402;Sucesso
bateria_4;out_of_band_disco;b4-out_of_band_disco-url02-r034;102400;4.57993;0.051473;4.528456;Sucesso
bateria_4;out_of_band_disco;b4-out_of_band_disco-url02-r035;102400;5.095177;0.057235;5.037942;Sucesso
bateria_4;out_of_band_disco;b4-out_of_band_disco-url02-r036;102400;5.581379;0.059265;5.522114;Sucesso
bateria_4;out_of_band_disco;b4-out_of_band_disco-url02-r037;102400;1.021755;0.049751;0.972004;Sucesso
bateria_4;out_of_band_disco;b4-out_of_band_disco-url02-r038;102400;5.587812;0.052183;5.535629;Sucesso
bateria_4;out_of_band_disco;b4-out_of_band_disco-url02-r039;102400;4.099213;0.05901;4.040203;Sucesso
bateria_4;out_of_band_disco;b4-out_of_band_disco-url02-r040;102400;5.591275;0.051922;5.539353;Sucesso
bateria_4;out_of_band_disco;b4-out_of_band_disco-url02-r041;102400;4.583311;0.050093;4.533217;Sucesso
bateria_4;out_of_band_disco;b4-out_of_band_disco-url02-r042;102400;4.053151;0.050551;4.0026;Sucesso
bateria_4;out_of_band_disco;b4-out_of_band_disco-url02-r043;102400;5.079172;0.073706;5.005466;Sucesso
bateria_4;out_of_band_disco;b4-out_of_band_disco-url02-r044;102400;4.059232;0.050698;4.008534;Sucesso
bateria_4;out_of_band_disco;b4-out_of_band_disco-url02-r045;102400;5.606362;0.059839;5.546523;Sucesso
bateria_4;out_of_band_disco;b4-out_of_band_disco-url02-r046;102400;5.606319;0.051515;5.554804;Sucesso
bateria_4;out_of_band_disco;b4-out_of_band_disco-url02-r047;102400;0.997783;0.051018;0.946765;Sucesso
bateria_4;out_of_band_disco;b4-out_of_band_disco-url02-r048;102400;5.609955;0.050834;5.559121;Sucesso
bateria_4;out_of_band_disco;b4-out_of_band_disco-url02-r049;102400;4.072183;0.052539;4.019645;Sucesso
bateria_4;out_of_band_disco;b4-out_of_band_disco-url02-r050;102400;5.591158;0.057581;5.533577;Sucesso
bateria_4;out_of_band_disco;b4-out_of_band_disco-url03-r001;1048576;4.55501;0.324118;4.230892;Sucesso
bateria_4;out_of_band_disco;b4-out_of_band_disco-url03-r002;1048576;5.102;0.15973;4.94227;Sucesso
bateria_4;out_of_band_disco;b4-out_of_band_disco-url03-r003;1048576;5.071654;0.168105;4.90355;Sucesso
bateria_4;out_of_band_disco;b4-out_of_band_disco-url03-r004;1048576;4.571613;0.180567;4.391046;Sucesso
bateria_4;out_of_band_disco;b4-out_of_band_disco-url03-r005;1048576;5.595994;0.165702;5.430292;Sucesso
bateria_4;out_of_band_disco;b4-out_of_band_disco-url03-r006;1048576;1.016265;0.167431;0.848834;Sucesso
bateria_4;out_of_band_disco;b4-out_of_band_disco-url03-r007;1048576;5.072435;0.164825;4.90761;Sucesso
bateria_4;out_of_band_disco;b4-out_of_band_disco-url03-r008;1048576;5.088394;0.165964;4.92243;Sucesso
bateria_4;out_of_band_disco;b4-out_of_band_disco-url03-r009;1048576;7.61716;0.150108;7.467052;Sucesso
bateria_4;out_of_band_disco;b4-out_of_band_disco-url03-r010;1048576;1.022534;0.176339;0.846196;Sucesso
bateria_4;out_of_band_disco;b4-out_of_band_disco-url03-r011;1048576;5.078299;0.164676;4.913622;Sucesso
bateria_4;out_of_band_disco;b4-out_of_band_disco-url03-r012;1048576;4.573183;0.166526;4.406657;Sucesso
bateria_4;out_of_band_disco;b4-out_of_band_disco-url03-r013;1048576;4.584784;0.163784;4.421;Sucesso
bateria_4;out_of_band_disco;b4-out_of_band_disco-url03-r014;1048576;4.601412;0.169658;4.431754;Sucesso
bateria_4;out_of_band_disco;b4-out_of_band_disco-url03-r015;1048576;4.576315;0.167277;4.409039;Sucesso
bateria_4;out_of_band_disco;b4-out_of_band_disco-url03-r016;1048576;5.087098;0.170947;4.916151;Sucesso
bateria_4;out_of_band_disco;b4-out_of_band_disco-url03-r017;1048576;4.584277;0.163699;4.420579;Sucesso
bateria_4;out_of_band_disco;b4-out_of_band_disco-url03-r018;1048576;4.571369;0.167097;4.404272;Sucesso
bateria_4;out_of_band_disco;b4-out_of_band_disco-url03-r019;1048576;5.086497;0.154461;4.932036;Sucesso
bateria_4;out_of_band_disco;b4-out_of_band_disco-url03-r020;1048576;4.596186;0.157521;4.438665;Sucesso
bateria_4;out_of_band_disco;b4-out_of_band_disco-url03-r021;1048576;5.573527;0.175814;5.397713;Sucesso
bateria_4;out_of_band_disco;b4-out_of_band_disco-url03-r022;1048576;1.013179;0.165975;0.847204;Sucesso
bateria_4;out_of_band_disco;b4-out_of_band_disco-url03-r023;1048576;5.598503;0.163357;5.435146;Sucesso
bateria_4;out_of_band_disco;b4-out_of_band_disco-url03-r024;1048576;5.591788;0.209979;5.381809;Sucesso
bateria_4;out_of_band_disco;b4-out_of_band_disco-url03-r025;1048576;4.56318;0.164455;4.398724;Sucesso
bateria_4;out_of_band_disco;b4-out_of_band_disco-url03-r026;1048576;1.527287;0.164936;1.362351;Sucesso
bateria_4;out_of_band_disco;b4-out_of_band_disco-url03-r027;1048576;4.549118;0.141791;4.407326;Sucesso
bateria_4;out_of_band_disco;b4-out_of_band_disco-url03-r028;1048576;5.082162;0.161225;4.920938;Sucesso
bateria_4;out_of_band_disco;b4-out_of_band_disco-url03-r029;1048576;4.047555;0.157591;3.889965;Sucesso
bateria_4;out_of_band_disco;b4-out_of_band_disco-url03-r030;1048576;5.076047;0.171371;4.904676;Sucesso
bateria_4;out_of_band_disco;b4-out_of_band_disco-url03-r031;1048576;5.092932;0.163665;4.929267;Sucesso
bateria_4;out_of_band_disco;b4-out_of_band_disco-url03-r032;1048576;5.083683;0.166018;4.917665;Sucesso
bateria_4;out_of_band_disco;b4-out_of_band_disco-url03-r033;1048576;1.027266;0.165147;0.862119;Sucesso
bateria_4;out_of_band_disco;b4-out_of_band_disco-url03-r034;1048576;5.068098;0.176914;4.891183;Sucesso
bateria_4;out_of_band_disco;b4-out_of_band_disco-url03-r035;1048576;5.087279;0.142652;4.944628;Sucesso
bateria_4;out_of_band_disco;b4-out_of_band_disco-url03-r036;1048576;4.576154;0.141926;4.434228;Sucesso
bateria_4;out_of_band_disco;b4-out_of_band_disco-url03-r037;1048576;5.591888;0.166391;5.425496;Sucesso
bateria_4;out_of_band_disco;b4-out_of_band_disco-url03-r038;1048576;1.0189;0.16413;0.85477;Sucesso
bateria_4;out_of_band_disco;b4-out_of_band_disco-url03-r039;1048576;5.074836;0.167242;4.907594;Sucesso
bateria_4;out_of_band_disco;b4-out_of_band_disco-url03-r040;1048576;4.074816;0.144542;3.930273;Sucesso
bateria_4;out_of_band_disco;b4-out_of_band_disco-url03-r041;1048576;5.08129;0.168105;4.913185;Sucesso
bateria_4;out_of_band_disco;b4-out_of_band_disco-url03-r042;1048576;5.085262;0.166569;4.918693;Sucesso
bateria_4;out_of_band_disco;b4-out_of_band_disco-url03-r043;1048576;5.076643;0.163321;4.913322;Sucesso
bateria_4;out_of_band_disco;b4-out_of_band_disco-url03-r044;1048576;5.102834;0.166248;4.936586;Sucesso
bateria_4;out_of_band_disco;b4-out_of_band_disco-url03-r045;1048576;1.021169;0.163859;0.85731;Sucesso
bateria_4;out_of_band_disco;b4-out_of_band_disco-url03-r046;1048576;4.571846;0.165316;4.40653;Sucesso
bateria_4;out_of_band_disco;b4-out_of_band_disco-url03-r047;1048576;4.568885;0.140814;4.428071;Sucesso
bateria_4;out_of_band_disco;b4-out_of_band_disco-url03-r048;1048576;5.599117;0.165116;5.434001;Sucesso
bateria_4;out_of_band_disco;b4-out_of_band_disco-url03-r049;1048576;4.562121;0.215204;4.346917;Sucesso
bateria_4;out_of_band_disco;b4-out_of_band_disco-url03-r050;1048576;4.553033;0.16443;4.388604;Sucesso
bateria_4;out_of_band_disco;b4-out_of_band_disco-url04-r001;5242880;5.597216;0.771861;4.825355;Sucesso
bateria_4;out_of_band_disco;b4-out_of_band_disco-url04-r002;5242880;4.55914;0.553849;4.005291;Sucesso
bateria_4;out_of_band_disco;b4-out_of_band_disco-url04-r003;5242880;5.593076;0.606002;4.987074;Sucesso
bateria_4;out_of_band_disco;b4-out_of_band_disco-url04-r004;5242880;1.525996;0.616646;0.90935;Sucesso
bateria_4;out_of_band_disco;b4-out_of_band_disco-url04-r005;5242880;4.576788;0.593113;3.983675;Sucesso
bateria_4;out_of_band_disco;b4-out_of_band_disco-url04-r006;5242880;5.576767;0.60468;4.972087;Sucesso
bateria_4;out_of_band_disco;b4-out_of_band_disco-url04-r007;5242880;4.58562;0.554827;4.030793;Sucesso
bateria_4;out_of_band_disco;b4-out_of_band_disco-url04-r008;5242880;2.034525;0.599269;1.435256;Sucesso
bateria_4;out_of_band_disco;b4-out_of_band_disco-url04-r009;5242880;4.563694;0.605219;3.958475;Sucesso
bateria_4;out_of_band_disco;b4-out_of_band_disco-url04-r010;5242880;4.063223;0.625428;3.437795;Sucesso
bateria_4;out_of_band_disco;b4-out_of_band_disco-url04-r011;5242880;5.072459;0.612632;4.459827;Sucesso
bateria_4;out_of_band_disco;b4-out_of_band_disco-url04-r012;5242880;5.070824;0.608127;4.462698;Sucesso
bateria_4;out_of_band_disco;b4-out_of_band_disco-url04-r013;5242880;4.563556;0.549001;4.014554;Sucesso
bateria_4;out_of_band_disco;b4-out_of_band_disco-url04-r014;5242880;5.085417;0.598355;4.487063;Sucesso
bateria_4;out_of_band_disco;b4-out_of_band_disco-url04-r015;5242880;4.569348;0.606196;3.963152;Sucesso
bateria_4;out_of_band_disco;b4-out_of_band_disco-url04-r016;5242880;4.585718;0.602858;3.982861;Sucesso
bateria_4;out_of_band_disco;b4-out_of_band_disco-url04-r017;5242880;5.583638;0.605915;4.977723;Sucesso
bateria_4;out_of_band_disco;b4-out_of_band_disco-url04-r018;5242880;2.015558;0.604809;1.410749;Sucesso
bateria_4;out_of_band_disco;b4-out_of_band_disco-url04-r019;5242880;4.589021;0.556991;4.03203;Sucesso
bateria_4;out_of_band_disco;b4-out_of_band_disco-url04-r020;5242880;4.064586;0.563721;3.500865;Sucesso
bateria_4;out_of_band_disco;b4-out_of_band_disco-url04-r021;5242880;5.083989;0.62328;4.460709;Sucesso
bateria_4;out_of_band_disco;b4-out_of_band_disco-url04-r022;5242880;4.569245;0.608586;3.960659;Sucesso
bateria_4;out_of_band_disco;b4-out_of_band_disco-url04-r023;5242880;5.075053;0.618255;4.456798;Sucesso
bateria_4;out_of_band_disco;b4-out_of_band_disco-url04-r024;5242880;5.068947;0.593267;4.47568;Sucesso
bateria_4;out_of_band_disco;b4-out_of_band_disco-url04-r025;5242880;2.028475;0.5484;1.480075;Sucesso
bateria_4;out_of_band_disco;b4-out_of_band_disco-url04-r026;5242880;4.585561;0.601125;3.984436;Sucesso
bateria_4;out_of_band_disco;b4-out_of_band_disco-url04-r027;5242880;8.6398;0.635357;8.004443;Sucesso
bateria_4;out_of_band_disco;b4-out_of_band_disco-url04-r028;5242880;1.526815;0.59953;0.927285;Sucesso
bateria_4;out_of_band_disco;b4-out_of_band_disco-url04-r029;5242880;1.528097;0.558799;0.969298;Sucesso
bateria_4;out_of_band_disco;b4-out_of_band_disco-url04-r030;5242880;5.080237;0.853509;4.226728;Sucesso
bateria_4;out_of_band_disco;b4-out_of_band_disco-url04-r031;5242880;5.077443;0.607169;4.470274;Sucesso
bateria_4;out_of_band_disco;b4-out_of_band_disco-url04-r032;5242880;5.091554;0.557218;4.534336;Sucesso
bateria_4;out_of_band_disco;b4-out_of_band_disco-url04-r033;5242880;2.047926;0.603352;1.444574;Sucesso
bateria_4;out_of_band_disco;b4-out_of_band_disco-url04-r034;5242880;4.569252;0.599236;3.970016;Sucesso
bateria_4;out_of_band_disco;b4-out_of_band_disco-url04-r035;5242880;4.58074;0.594793;3.985947;Sucesso
bateria_4;out_of_band_disco;b4-out_of_band_disco-url04-r036;5242880;5.089234;0.62835;4.460884;Sucesso
bateria_4;out_of_band_disco;b4-out_of_band_disco-url04-r037;5242880;4.577658;0.607736;3.969922;Sucesso
bateria_4;out_of_band_disco;b4-out_of_band_disco-url04-r038;5242880;4.582227;0.605022;3.977205;Sucesso
bateria_4;out_of_band_disco;b4-out_of_band_disco-url04-r039;5242880;6.107355;0.553697;5.553658;Sucesso
bateria_4;out_of_band_disco;b4-out_of_band_disco-url04-r040;5242880;1.50194;0.602993;0.898947;Sucesso
bateria_4;out_of_band_disco;b4-out_of_band_disco-url04-r041;5242880;5.066343;0.622844;4.443499;Sucesso
bateria_4;out_of_band_disco;b4-out_of_band_disco-url04-r042;5242880;4.070311;0.576854;3.493457;Sucesso
bateria_4;out_of_band_disco;b4-out_of_band_disco-url04-r043;5242880;4.582883;0.567851;4.015032;Sucesso
bateria_4;out_of_band_disco;b4-out_of_band_disco-url04-r044;5242880;5.061659;0.5531;4.508559;Sucesso
bateria_4;out_of_band_disco;b4-out_of_band_disco-url04-r045;5242880;5.084108;0.601099;4.48301;Sucesso
bateria_4;out_of_band_disco;b4-out_of_band_disco-url04-r046;5242880;5.601822;0.596774;5.005048;Sucesso
bateria_4;out_of_band_disco;b4-out_of_band_disco-url04-r047;5242880;2.0491;0.55328;1.49582;Sucesso
bateria_4;out_of_band_disco;b4-out_of_band_disco-url04-r048;5242880;5.089677;0.598878;4.4908;Sucesso
bateria_4;out_of_band_disco;b4-out_of_band_disco-url04-r049;5242880;4.070571;0.594726;3.475845;Sucesso
bateria_4;out_of_band_disco;b4-out_of_band_disco-url04-r050;5242880;4.581705;0.597397;3.984307;Sucesso
bateria_4;out_of_band_disco;b4-out_of_band_disco-url05-r001;5708795;5.577595;0.742996;4.8346;Sucesso
bateria_4;out_of_band_disco;b4-out_of_band_disco-url05-r002;5708795;5.085301;0.666888;4.418413;Sucesso
bateria_4;out_of_band_disco;b4-out_of_band_disco-url05-r003;5708795;1.523509;0.64503;0.878478;Sucesso
bateria_4;out_of_band_disco;b4-out_of_band_disco-url05-r004;5708795;5.081308;0.643981;4.437327;Sucesso
bateria_4;out_of_band_disco;b4-out_of_band_disco-url05-r005;5708795;5.068474;0.640923;4.427552;Sucesso
bateria_4;out_of_band_disco;b4-out_of_band_disco-url05-r006;5708795;5.069566;0.638111;4.431455;Sucesso
bateria_4;out_of_band_disco;b4-out_of_band_disco-url05-r007;5708795;1.523846;0.644834;0.879011;Sucesso
bateria_4;out_of_band_disco;b4-out_of_band_disco-url05-r008;5708795;5.075455;0.641646;4.433808;Sucesso
bateria_4;out_of_band_disco;b4-out_of_band_disco-url05-r009;5708795;5.076178;0.647538;4.42864;Sucesso
bateria_4;out_of_band_disco;b4-out_of_band_disco-url05-r010;5708795;5.095598;0.66069;4.434908;Sucesso
bateria_4;out_of_band_disco;b4-out_of_band_disco-url05-r011;5708795;1.537793;0.648787;0.889006;Sucesso
bateria_4;out_of_band_disco;b4-out_of_band_disco-url05-r012;5708795;7.632684;0.648868;6.983816;Sucesso
bateria_4;out_of_band_disco;b4-out_of_band_disco-url05-r013;5708795;2.550563;0.598005;1.952558;Sucesso
bateria_4;out_of_band_disco;b4-out_of_band_disco-url05-r014;5708795;4.077487;0.643893;3.433594;Sucesso
bateria_4;out_of_band_disco;b4-out_of_band_disco-url05-r015;5708795;5.595865;0.636476;4.959389;Sucesso
bateria_4;out_of_band_disco;b4-out_of_band_disco-url05-r016;5708795;5.070036;0.605539;4.464497;Sucesso
bateria_4;out_of_band_disco;b4-out_of_band_disco-url05-r017;5708795;1.524431;0.638135;0.886296;Sucesso
bateria_4;out_of_band_disco;b4-out_of_band_disco-url05-r018;5708795;5.093723;0.629111;4.464612;Sucesso
bateria_4;out_of_band_disco;b4-out_of_band_disco-url05-r019;5708795;6.101349;0.649036;5.452314;Sucesso
bateria_4;out_of_band_disco;b4-out_of_band_disco-url05-r020;5708795;5.06635;0.633456;4.432894;Sucesso
bateria_4;out_of_band_disco;b4-out_of_band_disco-url05-r021;5708795;2.036485;0.644768;1.391717;Sucesso
bateria_4;out_of_band_disco;b4-out_of_band_disco-url05-r022;5708795;4.063525;0.583655;3.47987;Sucesso
bateria_4;out_of_band_disco;b4-out_of_band_disco-url05-r023;5708795;4.584387;0.636171;3.948215;Sucesso
bateria_4;out_of_band_disco;b4-out_of_band_disco-url05-r024;5708795;5.07908;0.64789;4.43119;Sucesso
bateria_4;out_of_band_disco;b4-out_of_band_disco-url05-r025;5708795;4.598276;0.637774;3.960502;Sucesso
bateria_4;out_of_band_disco;b4-out_of_band_disco-url05-r026;5708795;5.063245;0.589435;4.47381;Sucesso
bateria_4;out_of_band_disco;b4-out_of_band_disco-url05-r027;5708795;2.020561;0.653406;1.367155;Sucesso
bateria_4;out_of_band_disco;b4-out_of_band_disco-url05-r028;5708795;4.569838;0.63922;3.930618;Sucesso
bateria_4;out_of_band_disco;b4-out_of_band_disco-url05-r029;5708795;4.549055;0.644916;3.904139;Sucesso
bateria_4;out_of_band_disco;b4-out_of_band_disco-url05-r030;5708795;4.549656;0.64094;3.908716;Sucesso
bateria_4;out_of_band_disco;b4-out_of_band_disco-url05-r031;5708795;4.57342;0.648794;3.924626;Sucesso
bateria_4;out_of_band_disco;b4-out_of_band_disco-url05-r032;5708795;5.082142;0.599058;4.483084;Sucesso
bateria_4;out_of_band_disco;b4-out_of_band_disco-url05-r033;5708795;5.08359;0.636501;4.447089;Sucesso
bateria_4;out_of_band_disco;b4-out_of_band_disco-url05-r034;5708795;5.058441;0.631858;4.426583;Sucesso
bateria_4;out_of_band_disco;b4-out_of_band_disco-url05-r035;5708795;1.527997;0.59496;0.933037;Sucesso
bateria_4;out_of_band_disco;b4-out_of_band_disco-url05-r036;5708795;5.595857;0.644594;4.951262;Sucesso
bateria_4;out_of_band_disco;b4-out_of_band_disco-url05-r037;5708795;4.578252;0.680011;3.898241;Sucesso
bateria_4;out_of_band_disco;b4-out_of_band_disco-url05-r038;5708795;4.594648;0.613121;3.981527;Sucesso
bateria_4;out_of_band_disco;b4-out_of_band_disco-url05-r039;5708795;4.578576;0.636382;3.942194;Sucesso
bateria_4;out_of_band_disco;b4-out_of_band_disco-url05-r040;5708795;4.578974;0.633943;3.94503;Sucesso
bateria_4;out_of_band_disco;b4-out_of_band_disco-url05-r041;5708795;8.623656;0.646667;7.976989;Sucesso
bateria_4;out_of_band_disco;b4-out_of_band_disco-url05-r042;5708795;2.015247;0.639098;1.376149;Sucesso
bateria_4;out_of_band_disco;b4-out_of_band_disco-url05-r043;5708795;2.039728;0.632883;1.406845;Sucesso
bateria_4;out_of_band_disco;b4-out_of_band_disco-url05-r044;5708795;5.091881;0.595252;4.496629;Sucesso
bateria_4;out_of_band_disco;b4-out_of_band_disco-url05-r045;5708795;4.066897;0.59595;3.470947;Sucesso
bateria_4;out_of_band_disco;b4-out_of_band_disco-url05-r046;5708795;5.093255;0.635226;4.458029;Sucesso
bateria_4;out_of_band_disco;b4-out_of_band_disco-url05-r047;5708795;5.072589;0.647385;4.425205;Sucesso
bateria_4;out_of_band_disco;b4-out_of_band_disco-url05-r048;5708795;4.583958;0.635656;3.948302;Sucesso
bateria_4;out_of_band_disco;b4-out_of_band_disco-url05-r049;5708795;5.081712;0.666933;4.414778;Sucesso
bateria_4;out_of_band_disco;b4-out_of_band_disco-url05-r050;5708795;4.583595;0.646299;3.937296;Sucesso
bateria_4;out_of_band_ram;b4-out_of_band_ram-url01-r001;10240;4.584329;0.182247;4.402082;Sucesso
bateria_4;out_of_band_ram;b4-out_of_band_ram-url01-r002;10240;4.070123;0.0311;4.039023;Sucesso
bateria_4;out_of_band_ram;b4-out_of_band_ram-url01-r003;10240;5.593107;0.030939;5.562168;Sucesso
bateria_4;out_of_band_ram;b4-out_of_band_ram-url01-r004;10240;5.071235;0.02947;5.041765;Sucesso
bateria_4;out_of_band_ram;b4-out_of_band_ram-url01-r005;10240;5.581396;0.030948;5.550448;Sucesso
bateria_4;out_of_band_ram;b4-out_of_band_ram-url01-r006;10240;1.025451;0.03078;0.994671;Sucesso
bateria_4;out_of_band_ram;b4-out_of_band_ram-url01-r007;10240;4.573051;0.030864;4.542188;Sucesso
bateria_4;out_of_band_ram;b4-out_of_band_ram-url01-r008;10240;5.078268;0.030699;5.047569;Sucesso
bateria_4;out_of_band_ram;b4-out_of_band_ram-url01-r009;10240;4.578478;0.029293;4.549185;Sucesso
bateria_4;out_of_band_ram;b4-out_of_band_ram-url01-r010;10240;4.054386;0.029235;4.02515;Sucesso
bateria_4;out_of_band_ram;b4-out_of_band_ram-url01-r011;10240;4.590296;0.029587;4.560709;Sucesso
bateria_4;out_of_band_ram;b4-out_of_band_ram-url01-r012;10240;5.581256;0.029668;5.551588;Sucesso
bateria_4;out_of_band_ram;b4-out_of_band_ram-url01-r013;10240;5.096869;0.029885;5.066985;Sucesso
bateria_4;out_of_band_ram;b4-out_of_band_ram-url01-r014;10240;5.619303;0.029397;5.589906;Sucesso
bateria_4;out_of_band_ram;b4-out_of_band_ram-url01-r015;10240;1.524896;0.029908;1.494988;Sucesso
bateria_4;out_of_band_ram;b4-out_of_band_ram-url01-r016;10240;4.589885;0.029339;4.560547;Sucesso
bateria_4;out_of_band_ram;b4-out_of_band_ram-url01-r017;10240;4.56796;0.046727;4.521233;Sucesso
bateria_4;out_of_band_ram;b4-out_of_band_ram-url01-r018;10240;4.587177;0.029806;4.557372;Sucesso
bateria_4;out_of_band_ram;b4-out_of_band_ram-url01-r019;10240;5.586831;0.030868;5.555963;Sucesso
bateria_4;out_of_band_ram;b4-out_of_band_ram-url01-r020;10240;4.565813;0.030064;4.535749;Sucesso
bateria_4;out_of_band_ram;b4-out_of_band_ram-url01-r021;10240;4.06033;0.028881;4.031449;Sucesso
bateria_4;out_of_band_ram;b4-out_of_band_ram-url01-r022;10240;5.068381;0.028942;5.039439;Sucesso
bateria_4;out_of_band_ram;b4-out_of_band_ram-url01-r023;10240;5.613681;0.029514;5.584167;Sucesso
bateria_4;out_of_band_ram;b4-out_of_band_ram-url01-r024;10240;6.591777;0.041084;6.550693;Sucesso
bateria_4;out_of_band_ram;b4-out_of_band_ram-url01-r025;10240;1.019028;0.030367;0.988661;Sucesso
bateria_4;out_of_band_ram;b4-out_of_band_ram-url01-r026;10240;5.590634;0.030138;5.560496;Sucesso
bateria_4;out_of_band_ram;b4-out_of_band_ram-url01-r027;10240;4.578559;0.030328;4.54823;Sucesso
bateria_4;out_of_band_ram;b4-out_of_band_ram-url01-r028;10240;5.082683;0.030577;5.052105;Sucesso
bateria_4;out_of_band_ram;b4-out_of_band_ram-url01-r029;10240;5.093323;0.029748;5.063575;Sucesso
bateria_4;out_of_band_ram;b4-out_of_band_ram-url01-r030;10240;4.563135;0.03013;4.533005;Sucesso
bateria_4;out_of_band_ram;b4-out_of_band_ram-url01-r031;10240;5.077677;0.029664;5.048013;Sucesso
bateria_4;out_of_band_ram;b4-out_of_band_ram-url01-r032;10240;5.080855;0.029811;5.051044;Sucesso
bateria_4;out_of_band_ram;b4-out_of_band_ram-url01-r033;10240;5.074856;0.029914;5.044942;Sucesso
bateria_4;out_of_band_ram;b4-out_of_band_ram-url01-r034;10240;5.103884;0.029608;5.074277;Sucesso
bateria_4;out_of_band_ram;b4-out_of_band_ram-url01-r035;10240;4.565205;0.028503;4.536701;Sucesso
bateria_4;out_of_band_ram;b4-out_of_band_ram-url01-r036;10240;5.570874;0.029369;5.541505;Sucesso
bateria_4;out_of_band_ram;b4-out_of_band_ram-url01-r037;10240;5.073206;0.029035;5.044171;Sucesso
bateria_4;out_of_band_ram;b4-out_of_band_ram-url01-r038;10240;4.068416;0.029527;4.038889;Sucesso
bateria_4;out_of_band_ram;b4-out_of_band_ram-url01-r039;10240;5.086825;0.029208;5.057617;Sucesso
bateria_4;out_of_band_ram;b4-out_of_band_ram-url01-r040;10240;5.579814;0.029928;5.549886;Sucesso
bateria_4;out_of_band_ram;b4-out_of_band_ram-url01-r041;10240;5.109657;0.029707;5.07995;Sucesso
bateria_4;out_of_band_ram;b4-out_of_band_ram-url01-r042;10240;1.0134;0.029102;0.984298;Sucesso
bateria_4;out_of_band_ram;b4-out_of_band_ram-url01-r043;10240;5.587214;0.029554;5.55766;Sucesso
bateria_4;out_of_band_ram;b4-out_of_band_ram-url01-r044;10240;5.595096;0.029523;5.565572;Sucesso
bateria_4;out_of_band_ram;b4-out_of_band_ram-url01-r045;10240;4.565211;0.029595;4.535616;Sucesso
bateria_4;out_of_band_ram;b4-out_of_band_ram-url01-r046;10240;0.506264;0.030558;0.475706;Sucesso
bateria_4;out_of_band_ram;b4-out_of_band_ram-url01-r047;10240;4.563055;0.02973;4.533325;Sucesso
bateria_4;out_of_band_ram;b4-out_of_band_ram-url01-r048;10240;5.598036;0.028782;5.569254;Sucesso
bateria_4;out_of_band_ram;b4-out_of_band_ram-url01-r049;10240;5.58605;0.029177;5.556873;Sucesso
bateria_4;out_of_band_ram;b4-out_of_band_ram-url01-r050;10240;0.997534;0.029357;0.968178;Sucesso
bateria_4;out_of_band_ram;b4-out_of_band_ram-url02-r001;102400;5.093233;0.343843;4.749391;Sucesso
bateria_4;out_of_band_ram;b4-out_of_band_ram-url02-r002;102400;9.626473;0.060564;9.565908;Sucesso
bateria_4;out_of_band_ram;b4-out_of_band_ram-url02-r003;102400;1.015915;0.049471;0.966444;Sucesso
bateria_4;out_of_band_ram;b4-out_of_band_ram-url02-r004;102400;1.030062;0.063003;0.967059;Sucesso
bateria_4;out_of_band_ram;b4-out_of_band_ram-url02-r005;102400;4.562671;0.050331;4.51234;Sucesso
bateria_4;out_of_band_ram;b4-out_of_band_ram-url02-r006;102400;5.598846;0.050266;5.548581;Sucesso
bateria_4;out_of_band_ram;b4-out_of_band_ram-url02-r007;102400;4.56829;0.0605;4.507789;Sucesso
bateria_4;out_of_band_ram;b4-out_of_band_ram-url02-r008;102400;5.592733;0.058396;5.534337;Sucesso
bateria_4;out_of_band_ram;b4-out_of_band_ram-url02-r009;102400;1.018694;0.050006;0.968688;Sucesso
bateria_4;out_of_band_ram;b4-out_of_band_ram-url02-r010;102400;5.581428;0.05594;5.525488;Sucesso
bateria_4;out_of_band_ram;b4-out_of_band_ram-url02-r011;102400;4.572708;0.050382;4.522326;Sucesso
bateria_4;out_of_band_ram;b4-out_of_band_ram-url02-r012;102400;4.578067;0.056567;4.521499;Sucesso
bateria_4;out_of_band_ram;b4-out_of_band_ram-url02-r013;102400;5.586829;0.050011;5.536818;Sucesso
bateria_4;out_of_band_ram;b4-out_of_band_ram-url02-r014;102400;5.063581;0.054452;5.009129;Sucesso
bateria_4;out_of_band_ram;b4-out_of_band_ram-url02-r015;102400;1.015228;0.05691;0.958317;Sucesso
bateria_4;out_of_band_ram;b4-out_of_band_ram-url02-r016;102400;5.580324;0.050249;5.530075;Sucesso
bateria_4;out_of_band_ram;b4-out_of_band_ram-url02-r017;102400;5.063653;0.04954;5.014113;Sucesso
bateria_4;out_of_band_ram;b4-out_of_band_ram-url02-r018;102400;5.096324;0.048447;5.047877;Sucesso
bateria_4;out_of_band_ram;b4-out_of_band_ram-url02-r019;102400;1.537055;0.04911;1.487945;Sucesso
bateria_4;out_of_band_ram;b4-out_of_band_ram-url02-r020;102400;5.095705;0.049279;5.046426;Sucesso
bateria_4;out_of_band_ram;b4-out_of_band_ram-url02-r021;102400;5.081311;0.042408;5.038902;Sucesso
bateria_4;out_of_band_ram;b4-out_of_band_ram-url02-r022;102400;5.0851;0.049338;5.035762;Sucesso
bateria_4;out_of_band_ram;b4-out_of_band_ram-url02-r023;102400;1.015812;0.043065;0.972747;Sucesso
bateria_4;out_of_band_ram;b4-out_of_band_ram-url02-r024;102400;5.086455;0.042857;5.043598;Sucesso
bateria_4;out_of_band_ram;b4-out_of_band_ram-url02-r025;102400;4.555396;0.049332;4.506063;Sucesso
bateria_4;out_of_band_ram;b4-out_of_band_ram-url02-r026;102400;5.071736;0.05832;5.013417;Sucesso
bateria_4;out_of_band_ram;b4-out_of_band_ram-url02-r027;102400;5.08829;0.090115;4.998175;Sucesso
bateria_4;out_of_band_ram;b4-out_of_band_ram-url02-r028;102400;5.074784;0.048841;5.025944;Sucesso
bateria_4;out_of_band_ram;b4-out_of_band_ram-url02-r029;102400;0.510264;0.048974;0.46129;Sucesso
bateria_4;out_of_band_ram;b4-out_of_band_ram-url02-r030;102400;5.602686;0.056881;5.545805;Sucesso
bateria_4;out_of_band_ram;b4-out_of_band_ram-url02-r031;102400;5.07493;0.054663;5.020267;Sucesso
bateria_4;out_of_band_ram;b4-out_of_band_ram-url02-r032;102400;4.07057;0.05184;4.01873;Sucesso
bateria_4;out_of_band_ram;b4-out_of_band_ram-url02-r033;102400;6.603594;0.062523;6.541071;Sucesso
bateria_4;out_of_band_ram;b4-out_of_band_ram-url02-r034;102400;1.01356;0.05009;0.963469;Sucesso
bateria_4;out_of_band_ram;b4-out_of_band_ram-url02-r035;102400;5.589596;0.112265;5.477332;Sucesso
bateria_4;out_of_band_ram;b4-out_of_band_ram-url02-r036;102400;5.07529;0.057993;5.017297;Sucesso
bateria_4;out_of_band_ram;b4-out_of_band_ram-url02-r037;102400;4.563097;0.049933;4.513164;Sucesso
bateria_4;out_of_band_ram;b4-out_of_band_ram-url02-r038;102400;4.047505;0.05614;3.991365;Sucesso
bateria_4;out_of_band_ram;b4-out_of_band_ram-url02-r039;102400;5.086921;0.057901;5.02902;Sucesso
bateria_4;out_of_band_ram;b4-out_of_band_ram-url02-r040;102400;4.583957;0.33215;4.251808;Sucesso
bateria_4;out_of_band_ram;b4-out_of_band_ram-url02-r041;102400;5.067494;0.059667;5.007826;Sucesso
bateria_4;out_of_band_ram;b4-out_of_band_ram-url02-r042;102400;4.57573;0.049478;4.526251;Sucesso
bateria_4;out_of_band_ram;b4-out_of_band_ram-url02-r043;102400;5.578253;0.056219;5.522034;Sucesso
bateria_4;out_of_band_ram;b4-out_of_band_ram-url02-r044;102400;1.013318;0.052332;0.960986;Sucesso
bateria_4;out_of_band_ram;b4-out_of_band_ram-url02-r045;102400;4.574086;0.071328;4.502758;Sucesso
bateria_4;out_of_band_ram;b4-out_of_band_ram-url02-r046;102400;5.087989;0.050328;5.037661;Sucesso
bateria_4;out_of_band_ram;b4-out_of_band_ram-url02-r047;102400;4.564388;0.04909;4.515298;Sucesso
bateria_4;out_of_band_ram;b4-out_of_band_ram-url02-r048;102400;4.572556;0.053037;4.519519;Sucesso
bateria_4;out_of_band_ram;b4-out_of_band_ram-url02-r049;102400;5.081511;0.049311;5.0322;Sucesso
bateria_4;out_of_band_ram;b4-out_of_band_ram-url02-r050;102400;5.589028;0.049507;5.539521;Sucesso
bateria_4;out_of_band_ram;b4-out_of_band_ram-url03-r001;1048576;5.092318;0.36945;4.722868;Sucesso
bateria_4;out_of_band_ram;b4-out_of_band_ram-url03-r002;1048576;1.038308;0.167801;0.870506;Sucesso
bateria_4;out_of_band_ram;b4-out_of_band_ram-url03-r003;1048576;4.555429;0.137613;4.417815;Sucesso
bateria_4;out_of_band_ram;b4-out_of_band_ram-url03-r004;1048576;5.085997;0.158789;4.927208;Sucesso
bateria_4;out_of_band_ram;b4-out_of_band_ram-url03-r005;1048576;5.071852;0.177135;4.894718;Sucesso
bateria_4;out_of_band_ram;b4-out_of_band_ram-url03-r006;1048576;5.078571;0.164298;4.914273;Sucesso
bateria_4;out_of_band_ram;b4-out_of_band_ram-url03-r007;1048576;5.110671;0.164521;4.946149;Sucesso
bateria_4;out_of_band_ram;b4-out_of_band_ram-url03-r008;1048576;1.519866;0.175623;1.344243;Sucesso
bateria_4;out_of_band_ram;b4-out_of_band_ram-url03-r009;1048576;4.575296;0.164957;4.410339;Sucesso
bateria_4;out_of_band_ram;b4-out_of_band_ram-url03-r010;1048576;4.589467;0.16597;4.423497;Sucesso
bateria_4;out_of_band_ram;b4-out_of_band_ram-url03-r011;1048576;4.590535;0.168111;4.422424;Sucesso
bateria_4;out_of_band_ram;b4-out_of_band_ram-url03-r012;1048576;8.119493;0.223832;7.895661;Sucesso
bateria_4;out_of_band_ram;b4-out_of_band_ram-url03-r013;1048576;1.000753;0.164006;0.836748;Sucesso
bateria_4;out_of_band_ram;b4-out_of_band_ram-url03-r014;1048576;6.091929;0.163121;5.928808;Sucesso
bateria_4;out_of_band_ram;b4-out_of_band_ram-url03-r015;1048576;1.516153;0.161505;1.354648;Sucesso
bateria_4;out_of_band_ram;b4-out_of_band_ram-url03-r016;1048576;5.057065;0.15247;4.904595;Sucesso
bateria_4;out_of_band_ram;b4-out_of_band_ram-url03-r017;1048576;5.061584;0.165865;4.895718;Sucesso
bateria_4;out_of_band_ram;b4-out_of_band_ram-url03-r018;1048576;5.071643;0.164392;4.907251;Sucesso
bateria_4;out_of_band_ram;b4-out_of_band_ram-url03-r019;1048576;1.012392;0.168901;0.84349;Sucesso
bateria_4;out_of_band_ram;b4-out_of_band_ram-url03-r020;1048576;4.584083;0.163029;4.421054;Sucesso
bateria_4;out_of_band_ram;b4-out_of_band_ram-url03-r021;1048576;5.57468;0.165516;5.409164;Sucesso
bateria_4;out_of_band_ram;b4-out_of_band_ram-url03-r022;1048576;5.613604;0.160642;5.452963;Sucesso
bateria_4;out_of_band_ram;b4-out_of_band_ram-url03-r023;1048576;1.522024;0.163508;1.358516;Sucesso
bateria_4;out_of_band_ram;b4-out_of_band_ram-url03-r024;1048576;5.079783;0.173903;4.90588;Sucesso
bateria_4;out_of_band_ram;b4-out_of_band_ram-url03-r025;1048576;4.580063;0.147794;4.432269;Sucesso
bateria_4;out_of_band_ram;b4-out_of_band_ram-url03-r026;1048576;4.5476;0.164479;4.383121;Sucesso
bateria_4;out_of_band_ram;b4-out_of_band_ram-url03-r027;1048576;4.564672;0.170152;4.39452;Sucesso
bateria_4;out_of_band_ram;b4-out_of_band_ram-url03-r028;1048576;4.57726;0.162071;4.415189;Sucesso
bateria_4;out_of_band_ram;b4-out_of_band_ram-url03-r029;1048576;5.076267;0.161702;4.914566;Sucesso
bateria_4;out_of_band_ram;b4-out_of_band_ram-url03-r030;1048576;4.565484;0.161648;4.403836;Sucesso
bateria_4;out_of_band_ram;b4-out_of_band_ram-url03-r031;1048576;5.06095;0.166838;4.894111;Sucesso
bateria_4;out_of_band_ram;b4-out_of_band_ram-url03-r032;1048576;5.608026;0.174901;5.433125;Sucesso
bateria_4;out_of_band_ram;b4-out_of_band_ram-url03-r033;1048576;5.076314;0.160488;4.915826;Sucesso
bateria_4;out_of_band_ram;b4-out_of_band_ram-url03-r034;1048576;1.002473;0.164639;0.837833;Sucesso
bateria_4;out_of_band_ram;b4-out_of_band_ram-url03-r035;1048576;4.578272;0.158228;4.420043;Sucesso
bateria_4;out_of_band_ram;b4-out_of_band_ram-url03-r036;1048576;5.582851;0.164765;5.418086;Sucesso
bateria_4;out_of_band_ram;b4-out_of_band_ram-url03-r037;1048576;4.545323;0.143345;4.401978;Sucesso
bateria_4;out_of_band_ram;b4-out_of_band_ram-url03-r038;1048576;4.560208;0.166084;4.394124;Sucesso
bateria_4;out_of_band_ram;b4-out_of_band_ram-url03-r039;1048576;4.549633;0.166838;4.382795;Sucesso
bateria_4;out_of_band_ram;b4-out_of_band_ram-url03-r040;1048576;5.087002;0.150403;4.936598;Sucesso
bateria_4;out_of_band_ram;b4-out_of_band_ram-url03-r041;1048576;9.64506;0.176556;9.468504;Sucesso
bateria_4;out_of_band_ram;b4-out_of_band_ram-url03-r042;1048576;1.006022;0.139285;0.866738;Sucesso
bateria_4;out_of_band_ram;b4-out_of_band_ram-url03-r043;1048576;1.025241;0.176034;0.849207;Sucesso
bateria_4;out_of_band_ram;b4-out_of_band_ram-url03-r044;1048576;5.061126;0.166097;4.895029;Sucesso
bateria_4;out_of_band_ram;b4-out_of_band_ram-url03-r045;1048576;4.597664;0.136547;4.461117;Sucesso
bateria_4;out_of_band_ram;b4-out_of_band_ram-url03-r046;1048576;5.576516;0.161979;5.414537;Sucesso
bateria_4;out_of_band_ram;b4-out_of_band_ram-url03-r047;1048576;5.100697;0.164048;4.936648;Sucesso
bateria_4;out_of_band_ram;b4-out_of_band_ram-url03-r048;1048576;1.538067;0.170822;1.367245;Sucesso
bateria_4;out_of_band_ram;b4-out_of_band_ram-url03-r049;1048576;4.581145;0.162228;4.418918;Sucesso
bateria_4;out_of_band_ram;b4-out_of_band_ram-url03-r050;1048576;5.59128;0.164033;5.427247;Sucesso
bateria_4;out_of_band_ram;b4-out_of_band_ram-url04-r001;5242880;5.075779;0.82512;4.250658;Sucesso
bateria_4;out_of_band_ram;b4-out_of_band_ram-url04-r002;5242880;1.52069;0.639443;0.881246;Sucesso
bateria_4;out_of_band_ram;b4-out_of_band_ram-url04-r003;5242880;5.089027;0.609685;4.479342;Sucesso
bateria_4;out_of_band_ram;b4-out_of_band_ram-url04-r004;5242880;5.090801;0.594447;4.496354;Sucesso
bateria_4;out_of_band_ram;b4-out_of_band_ram-url04-r005;5242880;5.073185;0.551452;4.521733;Sucesso
bateria_4;out_of_band_ram;b4-out_of_band_ram-url04-r006;5242880;2.038821;0.632701;1.40612;Sucesso
bateria_4;out_of_band_ram;b4-out_of_band_ram-url04-r007;5242880;5.577724;0.635676;4.942048;Sucesso
bateria_4;out_of_band_ram;b4-out_of_band_ram-url04-r008;5242880;4.57412;0.597093;3.977027;Sucesso
bateria_4;out_of_band_ram;b4-out_of_band_ram-url04-r009;5242880;5.585731;0.628443;4.957288;Sucesso
bateria_4;out_of_band_ram;b4-out_of_band_ram-url04-r010;5242880;1.522175;0.599804;0.922371;Sucesso
bateria_4;out_of_band_ram;b4-out_of_band_ram-url04-r011;5242880;4.58286;0.549662;4.033198;Sucesso
bateria_4;out_of_band_ram;b4-out_of_band_ram-url04-r012;5242880;4.544075;0.598977;3.945098;Sucesso
bateria_4;out_of_band_ram;b4-out_of_band_ram-url04-r013;5242880;4.571195;0.615923;3.955273;Sucesso
bateria_4;out_of_band_ram;b4-out_of_band_ram-url04-r014;5242880;4.607505;0.60512;4.002385;Sucesso
bateria_4;out_of_band_ram;b4-out_of_band_ram-url04-r015;5242880;4.576959;0.596974;3.979986;Sucesso
bateria_4;out_of_band_ram;b4-out_of_band_ram-url04-r016;5242880;5.085784;0.602019;4.483766;Sucesso
bateria_4;out_of_band_ram;b4-out_of_band_ram-url04-r017;5242880;5.587798;0.598693;4.989106;Sucesso
bateria_4;out_of_band_ram;b4-out_of_band_ram-url04-r018;5242880;1.533326;0.626386;0.906941;Sucesso
bateria_4;out_of_band_ram;b4-out_of_band_ram-url04-r019;5242880;5.065046;0.588782;4.476265;Sucesso
bateria_4;out_of_band_ram;b4-out_of_band_ram-url04-r020;5242880;5.079824;0.588948;4.490876;Sucesso
bateria_4;out_of_band_ram;b4-out_of_band_ram-url04-r021;5242880;5.597016;0.614619;4.982397;Sucesso
bateria_4;out_of_band_ram;b4-out_of_band_ram-url04-r022;5242880;2.047893;0.62322;1.424673;Sucesso
bateria_4;out_of_band_ram;b4-out_of_band_ram-url04-r023;5242880;4.057986;0.60236;3.455626;Sucesso
bateria_4;out_of_band_ram;b4-out_of_band_ram-url04-r024;5242880;5.053152;0.595454;4.457698;Sucesso
bateria_4;out_of_band_ram;b4-out_of_band_ram-url04-r025;5242880;4.566583;0.600976;3.965607;Sucesso
bateria_4;out_of_band_ram;b4-out_of_band_ram-url04-r026;5242880;4.579;0.590059;3.988941;Sucesso
bateria_4;out_of_band_ram;b4-out_of_band_ram-url04-r027;5242880;5.080474;0.592375;4.488099;Sucesso
bateria_4;out_of_band_ram;b4-out_of_band_ram-url04-r028;5242880;4.571703;0.545151;4.026552;Sucesso
bateria_4;out_of_band_ram;b4-out_of_band_ram-url04-r029;5242880;5.082137;0.545653;4.536484;Sucesso
bateria_4;out_of_band_ram;b4-out_of_band_ram-url04-r030;5242880;4.567914;0.59004;3.977874;Sucesso
bateria_4;out_of_band_ram;b4-out_of_band_ram-url04-r031;5242880;5.09239;0.600571;4.491819;Sucesso
bateria_4;out_of_band_ram;b4-out_of_band_ram-url04-r032;5242880;1.535957;0.599761;0.936196;Sucesso
bateria_4;out_of_band_ram;b4-out_of_band_ram-url04-r033;5242880;4.568186;0.601694;3.966492;Sucesso
bateria_4;out_of_band_ram;b4-out_of_band_ram-url04-r034;5242880;5.068722;0.605849;4.462873;Sucesso
bateria_4;out_of_band_ram;b4-out_of_band_ram-url04-r035;5242880;5.079992;0.590302;4.48969;Sucesso
bateria_4;out_of_band_ram;b4-out_of_band_ram-url04-r036;5242880;4.577212;0.592176;3.985036;Sucesso
bateria_4;out_of_band_ram;b4-out_of_band_ram-url04-r037;5242880;5.070894;0.596414;4.47448;Sucesso
bateria_4;out_of_band_ram;b4-out_of_band_ram-url04-r038;5242880;1.521432;0.59411;0.927322;Sucesso
bateria_4;out_of_band_ram;b4-out_of_band_ram-url04-r039;5242880;5.089225;0.564371;4.524854;Sucesso
bateria_4;out_of_band_ram;b4-out_of_band_ram-url04-r040;5242880;4.55409;0.551237;4.002852;Sucesso
bateria_4;out_of_band_ram;b4-out_of_band_ram-url04-r041;5242880;5.100056;0.545789;4.554267;Sucesso
bateria_4;out_of_band_ram;b4-out_of_band_ram-url04-r042;5242880;5.082231;0.627353;4.454878;Sucesso
bateria_4;out_of_band_ram;b4-out_of_band_ram-url04-r043;5242880;5.571243;0.591746;4.979497;Sucesso
bateria_4;out_of_band_ram;b4-out_of_band_ram-url04-r044;5242880;1.545159;0.590549;0.95461;Sucesso
bateria_4;out_of_band_ram;b4-out_of_band_ram-url04-r045;5242880;5.082992;0.596521;4.486472;Sucesso
bateria_4;out_of_band_ram;b4-out_of_band_ram-url04-r046;5242880;5.091606;0.541794;4.549813;Sucesso
bateria_4;out_of_band_ram;b4-out_of_band_ram-url04-r047;5242880;4.063598;0.627428;3.436169;Sucesso
bateria_4;out_of_band_ram;b4-out_of_band_ram-url04-r048;5242880;4.060182;0.549231;3.510951;Sucesso
bateria_4;out_of_band_ram;b4-out_of_band_ram-url04-r049;5242880;5.598131;0.592087;5.006044;Sucesso
bateria_4;out_of_band_ram;b4-out_of_band_ram-url04-r050;5242880;5.055972;0.597092;4.458879;Sucesso
bateria_4;out_of_band_ram;b4-out_of_band_ram-url05-r001;5708795;2.025241;0.860383;1.164859;Sucesso
bateria_4;out_of_band_ram;b4-out_of_band_ram-url05-r002;5708795;5.089205;0.636351;4.452854;Sucesso
bateria_4;out_of_band_ram;b4-out_of_band_ram-url05-r003;5708795;5.062167;0.63717;4.424997;Sucesso
bateria_4;out_of_band_ram;b4-out_of_band_ram-url05-r004;5708795;5.104886;0.615241;4.489644;Sucesso
bateria_4;out_of_band_ram;b4-out_of_band_ram-url05-r005;5708795;1.52226;0.601831;0.920429;Sucesso
bateria_4;out_of_band_ram;b4-out_of_band_ram-url05-r006;5708795;12.706557;0.63393;12.072628;Sucesso
bateria_4;out_of_band_ram;b4-out_of_band_ram-url05-r007;5708795;2.040063;0.634764;1.405299;Sucesso
bateria_4;out_of_band_ram;b4-out_of_band_ram-url05-r008;5708795;1.540639;0.612592;0.928047;Sucesso
bateria_4;out_of_band_ram;b4-out_of_band_ram-url05-r009;5708795;1.523467;0.634952;0.888515;Sucesso
bateria_4;out_of_band_ram;b4-out_of_band_ram-url05-r010;5708795;4.578941;0.642403;3.936538;Sucesso
bateria_4;out_of_band_ram;b4-out_of_band_ram-url05-r011;5708795;5.583399;0.642103;4.941296;Sucesso
bateria_4;out_of_band_ram;b4-out_of_band_ram-url05-r012;5708795;5.084058;0.642449;4.441609;Sucesso
bateria_4;out_of_band_ram;b4-out_of_band_ram-url05-r013;5708795;1.522328;0.635738;0.88659;Sucesso
bateria_4;out_of_band_ram;b4-out_of_band_ram-url05-r014;5708795;5.095038;0.646794;4.448245;Sucesso
bateria_4;out_of_band_ram;b4-out_of_band_ram-url05-r015;5708795;4.569536;0.641341;3.928195;Sucesso
bateria_4;out_of_band_ram;b4-out_of_band_ram-url05-r016;5708795;4.566995;0.617741;3.949254;Sucesso
bateria_4;out_of_band_ram;b4-out_of_band_ram-url05-r017;5708795;5.601169;0.63053;4.970639;Sucesso
bateria_4;out_of_band_ram;b4-out_of_band_ram-url05-r018;5708795;4.559995;0.64363;3.916365;Sucesso
bateria_4;out_of_band_ram;b4-out_of_band_ram-url05-r019;5708795;4.567906;0.596739;3.971167;Sucesso
bateria_4;out_of_band_ram;b4-out_of_band_ram-url05-r020;5708795;1.517048;0.597286;0.919762;Sucesso
bateria_4;out_of_band_ram;b4-out_of_band_ram-url05-r021;5708795;5.061315;0.632176;4.429139;Sucesso
bateria_4;out_of_band_ram;b4-out_of_band_ram-url05-r022;5708795;5.081109;0.629754;4.451355;Sucesso
bateria_4;out_of_band_ram;b4-out_of_band_ram-url05-r023;5708795;5.093141;0.633023;4.460117;Sucesso
bateria_4;out_of_band_ram;b4-out_of_band_ram-url05-r024;5708795;1.494046;0.625909;0.868137;Sucesso
bateria_4;out_of_band_ram;b4-out_of_band_ram-url05-r025;5708795;4.574157;0.656097;3.91806;Sucesso
bateria_4;out_of_band_ram;b4-out_of_band_ram-url05-r026;5708795;5.582948;0.637614;4.945333;Sucesso
bateria_4;out_of_band_ram;b4-out_of_band_ram-url05-r027;5708795;5.08932;0.633921;4.4554;Sucesso
bateria_4;out_of_band_ram;b4-out_of_band_ram-url05-r028;5708795;2.02657;0.752712;1.273858;Sucesso
bateria_4;out_of_band_ram;b4-out_of_band_ram-url05-r029;5708795;4.58819;0.746141;3.842049;Sucesso
bateria_4;out_of_band_ram;b4-out_of_band_ram-url05-r030;5708795;5.094583;0.639803;4.454781;Sucesso
bateria_4;out_of_band_ram;b4-out_of_band_ram-url05-r031;5708795;5.110231;0.64116;4.469071;Sucesso
bateria_4;out_of_band_ram;b4-out_of_band_ram-url05-r032;5708795;2.027947;0.638232;1.389714;Sucesso
bateria_4;out_of_band_ram;b4-out_of_band_ram-url05-r033;5708795;4.574413;0.589471;3.984942;Sucesso
bateria_4;out_of_band_ram;b4-out_of_band_ram-url05-r034;5708795;5.575126;0.717568;4.857558;Sucesso
bateria_4;out_of_band_ram;b4-out_of_band_ram-url05-r035;5708795;5.61664;0.627977;4.988663;Sucesso
bateria_4;out_of_band_ram;b4-out_of_band_ram-url05-r036;5708795;1.529573;0.592089;0.937484;Sucesso
bateria_4;out_of_band_ram;b4-out_of_band_ram-url05-r037;5708795;5.075774;0.635754;4.440021;Sucesso
bateria_4;out_of_band_ram;b4-out_of_band_ram-url05-r038;5708795;5.069423;0.59713;4.472294;Sucesso
bateria_4;out_of_band_ram;b4-out_of_band_ram-url05-r039;5708795;5.050714;0.634699;4.416016;Sucesso
bateria_4;out_of_band_ram;b4-out_of_band_ram-url05-r040;5708795;1.503179;0.650949;0.85223;Sucesso
bateria_4;out_of_band_ram;b4-out_of_band_ram-url05-r041;5708795;4.560109;0.633773;3.926336;Sucesso
bateria_4;out_of_band_ram;b4-out_of_band_ram-url05-r042;5708795;5.58903;0.627585;4.961445;Sucesso
bateria_4;out_of_band_ram;b4-out_of_band_ram-url05-r043;5708795;5.087931;0.709286;4.378645;Sucesso
bateria_4;out_of_band_ram;b4-out_of_band_ram-url05-r044;5708795;2.05031;0.636755;1.413555;Sucesso
bateria_4;out_of_band_ram;b4-out_of_band_ram-url05-r045;5708795;4.555485;0.646592;3.908894;Sucesso
bateria_4;out_of_band_ram;b4-out_of_band_ram-url05-r046;5708795;4.570514;0.657134;3.91338;Sucesso
bateria_4;out_of_band_ram;b4-out_of_band_ram-url05-r047;5708795;5.070835;0.588976;4.48186;Sucesso
bateria_4;out_of_band_ram;b4-out_of_band_ram-url05-r048;5708795;5.078255;0.602991;4.475264;Sucesso
bateria_4;out_of_band_ram;b4-out_of_band_ram-url05-r049;5708795;5.084873;0.637168;4.447705;Sucesso
bateria_4;out_of_band_ram;b4-out_of_band_ram-url05-r050;5708795;1.524002;0.587965;0.936037;Sucesso
